{"kind":"ConfigMap","apiVersion":"v1","metadata":{"name":"infrastructure","namespace":"kube-system","creationTimestamp":null},"data":{"infra-config.json":"[{\"Name\":\"basic cluster\",\"Cluster\":{\"SubscriptionID\":\"8ecadfc9-d1a3-4ea4-b844-0d9f87e4d7c8\",\"ResourceGroup\":\"sample3-routing-e2e6ccbb217-61e9-4a26-a75b-72670c27c722\",\"Provider\":\"Microsoft.ContainerService\",\"ResourceType\":\"managedClusters\",\"ResourceName\":\"clustera43421fb-0e11-4ac3-b8f3-d696f1f17a79\"},\"ClusterLocation\":\"westus\",\"ClusterDnsServiceIp\":\"10.0.0.10\",\"ClusterPrincipalId\":\"635bffc9-f691-4df2-b3bc-b9cc0e4149ef\",\"ClusterClientId\":\"53934070-ba2f-4915-a6bf-bcc19dcda28b\",\"ClusterOptions\":{},\"ResourceGroup\":{\"Parent\":{\"Parent\":{\"Parent\":null,\"SubscriptionID\":\"\",\"ResourceGroupName\":\"\",\"Provider\":\"\",\"Location\":\"\",\"ResourceType\":{\"Namespace\":\"Microsoft.Resources\",\"Type\":\"tenants\",\"Types\":[\"tenants\"]},\"Name\":\"\"},\"SubscriptionID\":\"8ecadfc9-d1a3-4ea4-b844-0d9f87e4d7c8\",\"ResourceGroupName\":\"\",\"Provider\":\"\",\"Location\":\"\",\"ResourceType\":{\"Namespace\":\"Microsoft.Resources\",\"Type\":\"subscriptions\",\"Types\":[\"subscriptions\"]},\"Name\":\"8ecadfc9-d1a3-4ea4-b844-0d9f87e4d7c8\"},\"SubscriptionID\":\"8ecadfc9-d1a3-4ea4-b844-0d9f87e4d7c8\",\"ResourceGroupName\":\"sample3-routing-e2e6ccbb217-61e9-4a26-a75b-72670c27c722\",\"Provider\":\"\",\"Location\":\"\",\"ResourceType\":{\"Namespace\":\"Microsoft.Resources\",\"Type\":\"resourceGroups\",\"Types\":[\"resourceGroups\"]},\"Name\":\"sample3-routing-e2e6ccbb217-61e9-4a26-a75b-72670c27c722\"},\"SubscriptionId\":\"8ecadfc9-d1a3-4ea4-b844-0d9f87e4d7c8\",\"TenantId\":\"72f988bf-86f1-41af-91ab-2d7cd011db47\",\"Zones\":[{\"ResourceId\":{\"SubscriptionID\":\"8ecadfc9-d1a3-4ea4-b844-0d9f87e4d7c8\",\"ResourceGroup\":\"sample3-routing-e2e6ccbb217-61e9-4a26-a75b-72670c27c722\",\"Provider\":\"Microsoft.Network\",\"ResourceType\":\"dnszones\",\"ResourceName\":\"testingpubliczone.com\"},\"Nameservers\":[\"ns1-36.azure-dns.com.\",\"ns2-36.azure-dns.net.\",\"ns3-36.azure-dns.org.\",\"ns4-36.azure-dns.info.\"]}],\"PrivateZones\":[{\"SubscriptionID\":\"8ecadfc9-d1a3-4ea4-b844-0d9f87e4d7c8\",\"ResourceGroup\":\"sample3-routing-e2e6ccbb217-61e9-4a26-a75b-72670c27c722\",\"Provider\":\"Microsoft.Network\",\"ResourceType\":\"privateDnsZones\",\"ResourceName\":\"testingprivatezone.com\"}],\"E2eImage\":\"registrya43421fb0e114ac3b8f3d696f1f17a79.azurecr.io/e2e:a43421fb-0e11-4ac3-b8f3-d696f1f17a79\",\"ContainerRegistry\":{\"SubscriptionID\":\"8ecadfc9-d1a3-4ea4-b844-0d9f87e4d7c8\",\"ResourceGroup\":\"sample3-routing-e2e6ccbb217-61e9-4a26-a75b-72670c27c722\",\"Provider\":\"Microsoft.ContainerRegistry\",\"ResourceType\":\"registries\",\"ResourceName\":\"registrya43421fb0e114ac3b8f3d696f1f17a79\"}}]"}}
