{"kind":"Job","apiVersion":"batch/v1","metadata":{"name":"app-routing-operator-e2e","namespace":"kube-system","creationTimestamp":null},"spec":{"backoffLimit":0,"template":{"metadata":{"creationTimestamp":null},"spec":{"volumes":[{"name":"infra-volume","configMap":{"name":"infrastructure"}}],"containers":[{"name":"app-routing-operator-e2e","image":"registry70aa3fe92ad4412699bfbcda66a9a5ed.azurecr.io/e2e:70aa3fe9-2ad4-4126-99bf-bcda66a9a5ed","args":["test","--infra-file","/infrastructure/infra-config.json"],"resources":{},"volumeMounts":[{"name":"infra-volume","mountPath":"/infrastructure/infra-config.json","subPath":"infra-config.json"}]}],"restartPolicy":"Never","serviceAccountName":"app-routing-e2e"}}},"status":{}}
